{"anchors": [2.49, 2.87, 1.21, 0.66, 2.49, 2.3, 2.12, 1.77, 3.73, 3.04], "inputs": {"input0": [224, 224, 3]}, "outputs": {"output0": [7, 7, 30]}, "loss": [[1, 42.65806], [2, 7.52109], [3, 5.02679], [4, 4.34297], [5, 4.25283], [6, 4.22032], [7, 3.96161], [8, 3.89086], [9, 3.9404], [10, 3.70444], [11, 3.64033], [12, 3.58397], [13, 3.57797], [14, 3.53028], [15, 3.39068], [16, 3.24948], [17, 3.14371], [18, 3.19974], [19, 3.13602], [20, 3.06438], [21, 3.07978], [22, 2.97647], [23, 2.93793], [24, 2.92113], [25, 2.86981], [26, 2.69629], [27, 2.7848], [28, 2.74767], [29, 2.69243], [30, 2.67338], [31, 2.70521], [32, 2.69162], [33, 2.69401], [34, 2.74561], [35, 2.60498], [36, 2.60193], [37, 2.52971], [38, 2.43013], [39, 2.49662], [40, 2.51695], [41, 2.42808], [42, 2.4223], [43, 2.40144], [44, 2.395], [45, 2.22134], [46, 2.3794], [47, 2.32092], [48, 2.2735], [49, 2.27624], [50, 2.2506], [51, 2.30887], [52, 2.26094], [53, 2.27388], [54, 2.22291], [55, 2.20263], [56, 2.198], [57, 2.17992], [58, 2.19474], [59, 2.19138], [60, 2.20896], [61, 2.2387], [62, 2.14567], [63, 2.18081], [64, 2.15517], [65, 2.06448], [66, 2.0277], [67, 2.11381], [68, 2.15946], [69, 2.09911], [70, 2.12445], [71, 2.09659], [72, 2.16505], [73, 2.15623], [74, 2.07952], [75, 2.01741], [76, 2.15303], [77, 2.03891], [78, 2.05937], [79, 2.06211], [80, 2.02564], [81, 2.0006], [82, 2.06896], [83, 2.03174], [84, 2.02866], [85, 2.08821], [86, 1.99848], [87, 1.98272], [88, 1.97708], [89, 2.01246], [90, 1.9687], [91, 1.938], [92, 2.03531], [93, 1.99815], [94, 1.97988], [95, 1.91962], [96, 1.91916], [97, 1.97858], [98, 1.9635], [99, 1.92221], [100, 1.91919], [101, 1.89695], [102, 1.92054], [103, 1.92257], [104, 1.91312], [105, 1.90704], [106, 2.00868], [107, 1.94679], [108, 1.95277], [109, 1.98769], [110, 1.93464], [111, 1.98641], [112, 1.88612], [113, 1.95854], [114, 1.87564], [115, 1.89816], [116, 1.88846], [117, 1.85842], [118, 1.97891], [119, 1.96223], [120, 1.91147], [121, 1.92167], [122, 1.90805], [123, 1.97916], [124, 1.88411], [125, 1.891], [126, 1.96061], [127, 1.88138], [128, 1.88789], [129, 1.91825], [130, 1.85932], [131, 1.87516], [132, 1.89779], [133, 1.92224], [134, 1.85247], [135, 1.88108], [136, 1.92071], [137, 1.86327], [138, 1.86969], [139, 1.90708], [140, 1.89257], [141, 1.85536], [142, 1.81469], [143, 1.88456], [144, 1.84759], [145, 1.874], [146, 1.88273], [147, 1.94635], [148, 1.89477], [149, 1.92075], [150, 1.8873], [151, 1.91104], [152, 1.93926], [153, 1.91766], [154, 1.92202], [155, 1.83082], [156, 1.84476], [157, 1.84898], [158, 1.94112], [159, 1.87694], [160, 1.79668], [161, 1.90272], [162, 1.94188], [163, 1.86865], [164, 1.87673], [165, 1.80418], [166, 1.7723], [167, 1.88609], [168, 1.91967], [169, 1.85215], [170, 1.93437], [171, 1.91669], [172, 1.8914], [173, 1.83805], [174, 1.89706], [175, 1.85462], [176, 1.89249], [177, 1.88916], [178, 1.87438], [179, 1.87717], [180, 1.82629], [181, 1.85651], [182, 1.88713], [183, 1.93277], [184, 1.87679], [185, 1.84556], [186, 1.88513], [187, 1.86418], [188, 1.86696], [189, 1.86214], [190, 1.8739], [191, 1.87734], [192, 1.87781], [193, 1.91793], [194, 1.80262], [195, 1.84255], [196, 1.96066], [197, 1.88597], [198, 1.86242], [199, 1.82182], [200, 1.86264]], "loss_conf": [[1, 38.85014], [2, 3.32564], [3, 1.04273], [4, 1.08531], [5, 1.14002], [6, 1.41325], [7, 1.16778], [8, 1.11973], [9, 1.09357], [10, 1.0662], [11, 1.1309], [12, 1.02489], [13, 0.99906], [14, 1.07715], [15, 0.9212], [16, 0.79994], [17, 0.7682], [18, 0.80678], [19, 0.74282], [20, 0.77101], [21, 0.75884], [22, 0.73166], [23, 0.66965], [24, 0.68716], [25, 0.62762], [26, 0.4852], [27, 0.52555], [28, 0.53314], [29, 0.50159], [30, 0.49789], [31, 0.52835], [32, 0.52126], [33, 0.49057], [34, 0.60548], [35, 0.4842], [36, 0.45189], [37, 0.41482], [38, 0.35227], [39, 0.40494], [40, 0.4051], [41, 0.35138], [42, 0.36387], [43, 0.34041], [44, 0.34847], [45, 0.22899], [46, 0.29263], [47, 0.28977], [48, 0.25594], [49, 0.22432], [50, 0.20782], [51, 0.33443], [52, 0.26265], [53, 0.26119], [54, 0.22176], [55, 0.21007], [56, 0.23367], [57, 0.21853], [58, 0.22294], [59, 0.26215], [60, 0.2888], [61, 0.27315], [62, 0.21139], [63, 0.28283], [64, 0.1925], [65, 0.18384], [66, 0.14185], [67, 0.16442], [68, 0.21072], [69, 0.13112], [70, 0.19869], [71, 0.1773], [72, 0.22516], [73, 0.15905], [74, 0.15202], [75, 0.09792], [76, 0.21357], [77, 0.17628], [78, 0.11772], [79, 0.14204], [80, 0.14335], [81, 0.08941], [82, 0.13728], [83, 0.15474], [84, 0.09332], [85, 0.13555], [86, 0.10055], [87, 0.12717], [88, 0.096], [89, 0.08433], [90, 0.09442], [91, 0.08051], [92, 0.10877], [93, 0.08697], [94, 0.06805], [95, 0.06821], [96, 0.06769], [97, 0.05685], [98, 0.08115], [99, 0.05739], [100, 0.07152], [101, 0.07444], [102, 0.0644], [103, 0.06916], [104, 0.06541], [105, 0.07287], [106, 0.08128], [107, 0.06702], [108, 0.07759], [109, 0.09419], [110, 0.05104], [111, 0.05987], [112, 0.04345], [113, 0.07307], [114, 0.03427], [115, 0.05957], [116, 0.04824], [117, 0.05386], [118, 0.06558], [119, 0.07416], [120, 0.03829], [121, 0.05527], [122, 0.03697], [123, 0.07395], [124, 0.04837], [125, 0.05318], [126, 0.05801], [127, 0.04294], [128, 0.03981], [129, 0.05749], [130, 0.04728], [131, 0.04548], [132, 0.03571], [133, 0.03432], [134, 0.04802], [135, 0.03739], [136, 0.04859], [137, 0.03086], [138, 0.04041], [139, 0.03664], [140, 0.03697], [141, 0.03127], [142, 0.03815], [143, 0.02736], [144, 0.02375], [145, 0.02913], [146, 0.04329], [147, 0.03381], [148, 0.03195], [149, 0.03445], [150, 0.03229], [151, 0.04554], [152, 0.03321], [153, 0.03073], [154, 0.04929], [155, 0.03057], [156, 0.04153], [157, 0.03136], [158, 0.07039], [159, 0.02683], [160, 0.02357], [161, 0.03475], [162, 0.03031], [163, 0.04693], [164, 0.03192], [165, 0.0246], [166, 0.04021], [167, 0.03587], [168, 0.04377], [169, 0.03244], [170, 0.02977], [171, 0.03465], [172, 0.03223], [173, 0.03894], [174, 0.03788], [175, 0.05379], [176, 0.03106], [177, 0.04508], [178, 0.056], [179, 0.02746], [180, 0.02766], [181, 0.02806], [182, 0.03573], [183, 0.04172], [184, 0.02596], [185, 0.04043], [186, 0.0381], [187, 0.02803], [188, 0.03278], [189, 0.02353], [190, 0.01815], [191, 0.0328], [192, 0.03403], [193, 0.04838], [194, 0.02013], [195, 0.03246], [196, 0.04666], [197, 0.02489], [198, 0.02095], [199, 0.0232], [200, 0.02594]],